{
  "field_patterns": {},
  "common_errors": {},
  "quality_metrics": {
    "avg_confidence": 0.2054577777777778,
    "avg_completeness": 0.17502222222222222
  },
  "processing_performance": {
    "enhanced_structured": {
      "avg_time": 0.6191375509221503,
      "min_time": 0.05510139465332031,
      "max_time": 2.60927414894104,
      "count": 47
    },
    "enhanced_llm": {
      "avg_time": 7.4529720942179365,
      "min_time": 7.0619306564331055,
      "max_time": 7.825596332550049,
      "count": 3
    }
  }
}