{
  "field_patterns": {},
  "common_errors": {},
  "quality_metrics": {
    "avg_confidence": 0.19777777777777777,
    "avg_completeness": 0.1694222222222222
  },
  "processing_performance": {
    "enhanced_structured": {
      "avg_time": 0.585680023483608,
      "min_time": 0.0619964599609375,
      "max_time": 1.5540988445281982,
      "count": 46
    },
    "enhanced_llm": {
      "avg_time": 6.8130645751953125,
      "min_time": 5.595381021499634,
      "max_time": 7.854803085327148,
      "count": 4
    }
  }
}