{
  "field_patterns": {},
  "common_errors": {},
  "quality_metrics": {
    "avg_confidence": 0.19311703703703706,
    "avg_completeness": 0.1655111111111111
  },
  "processing_performance": {
    "enhanced_structured": {
      "avg_time": 0.6170158651140001,
      "min_time": 0.05438685417175293,
      "max_time": 1.7907299995422363,
      "count": 45
    },
    "enhanced_llm": {
      "avg_time": 6.998556470870971,
      "min_time": 5.600330352783203,
      "max_time": 8.11752462387085,
      "count": 5
    }
  }
}